,bottom_left,bottom_right,top_right,top_left
0,0.0,808472.7,808472.7,0.0
1,-88696.33499999999,-88696.33499999999,88696.33499999999,88696.33499999999
